E_NEds,desconocido,femenino,masculino,Desconocido_cantidad,Masculino_cantidad,Femenino_cantidad
Muy baja (50-93 ediciones),0.3279109589041096,0.1292808219178082,0.5428082191780822,383,634,151
Baja (94-222 ediciones),0.35544635544635544,0.0687960687960688,0.5757575757575758,434,703,84
Media (223-848 ediciones),0.33253205128205127,0.05368589743589743,0.6137820512820513,415,766,67
Alta (849 o más ediciones),0.3327321911632101,0.045987376014427414,0.6212804328223624,369,689,51
