E_Bpag,desconocido,femenino,masculino,Desconocido_cantidad,Masculino_cantidad,Femenino_cantidad
Muy baja (1-186 bytes),0.5073779795686719,0.06583427922814983,0.4267877412031782,447,376,58
Baja (187-705 bytes),0.38663484486873506,0.07637231503579953,0.5369928400954654,486,675,96
Media (706-2148 bytes),0.2941640378548896,0.08832807570977919,0.6175078864353313,373,783,112
Alta (2149 o más bytes),0.22014925373134328,0.06492537313432836,0.7149253731343284,295,958,87
